0;1;2;3;4;5;6;7;8;9;10;11;12;13;14;15;16;17;18;19;20;21;22;23;24;25;26;27;28;29;30;31;32;33;34;35;36;37;38;39;40;41;42;43;44;45;46;47;48;49;50;51;52;53;54;55;56;57;58;59;60;61;62;63;64;65;66;67;68;69;70;71;72;73;74;75;76;77;78;79;80;81;82;83;84;85;86;87;88;89;90;91;92;93;94
-0.056;0.001;-0.001;0;0;0;0;0;0;-0.048;0.129;-0.014;0.055;0.07;-0.013;0;0;0;0;0.257;0;0.59;0.137;-0.105;0.934;0.043;0;-0.154;0;0.6;0.104;-0.097;0.934;0.032;-0.001;-0.164;0;0;0;-0.708;0.131;-0.112;0.758;-0.046;-0.001;0;0;0;-0.657;0.136;-0.368;0.782;-0.076;-0.002;0;-0.746;0.307;0.312;0.639;0.662;-0.351;0.766;0.793;0.668;-0.513;0.762;0.811;0.655;-0.038;0.775;0.812;0.63;0.186;0.812;0.812;-0.747;0.305;0.312;0.639;0.662;-0.351;0.766;0.793;0.668;-0.513;0.762;0.811;0.655;-0.038;0.775;0.812;0.631;0.186;0.812;0.812
-0.056;0.001;-0.001;0;0;0;0;0;0;-0.048;0.129;-0.014;0.055;0.07;-0.013;0;0;0;0;0.257;0;0.59;0.137;-0.105;0.934;0.043;0;-0.154;0;0.6;0.104;-0.097;0.934;0.032;-0.001;-0.164;0;0;0;-0.708;0.131;-0.112;0.758;-0.046;-0.001;0;0;0;-0.657;0.136;-0.368;0.782;-0.076;-0.002;0;-0.746;0.307;0.312;0.639;0.662;-0.351;0.766;0.793;0.668;-0.513;0.762;0.811;0.655;-0.038;0.775;0.812;0.63;0.186;0.812;0.812;-0.747;0.305;0.312;0.639;0.662;-0.351;0.766;0.793;0.668;-0.513;0.762;0.811;0.655;-0.038;0.775;0.812;0.631;0.186;0.812;0.812
-0.056;0.001;-0.001;0;0;0;0;0;0;0.004;0.097;-0.015;0.054;0.069;-0.01;0;0;0;0;0.257;0;0.59;0.137;-0.105;0.934;0.043;0;-0.154;0;0.601;0.104;-0.097;0.934;0.032;-0.001;-0.164;0;0;0;-0.708;0.131;-0.113;0.758;-0.046;-0.001;0;0;0;-0.658;0.136;-0.367;0.782;-0.076;-0.002;0;-0.746;0.307;0.312;0.639;0.662;-0.351;0.766;0.793;0.668;-0.513;0.762;0.811;0.655;-0.038;0.775;0.812;0.63;0.186;0.812;0.812;-0.747;0.305;0.312;0.639;0.662;-0.351;0.766;0.793;0.668;-0.513;0.762;0.811;0.655;-0.038;0.775;0.812;0.631;0.186;0.812;0.812
-0.056;0.001;-0.001;0;0;0;0;0;0;0.004;0.097;-0.015;0.054;0.069;-0.01;0;0;0;0;0.257;0;0.59;0.137;-0.105;0.934;0.043;0;-0.154;0;0.601;0.104;-0.097;0.934;0.032;-0.001;-0.164;0;0;0;-0.708;0.131;-0.113;0.758;-0.046;-0.001;0;0;0;-0.658;0.136;-0.367;0.782;-0.076;-0.002;0;-0.746;0.307;0.312;0.639;0.662;-0.351;0.766;0.793;0.668;-0.513;0.762;0.811;0.655;-0.038;0.775;0.812;0.63;0.186;0.812;0.812;-0.747;0.305;0.312;0.639;0.662;-0.351;0.766;0.793;0.668;-0.513;0.762;0.811;0.655;-0.038;0.775;0.812;0.631;0.186;0.812;0.812
-0.057;0.001;-0.001;0;0;0;0;0;0;0.027;0.082;-0.014;0.052;0.068;-0.007;0;0;0;0;0.257;0;0.59;0.137;-0.106;0.935;0.043;0;-0.154;0;0.601;0.104;-0.097;0.934;0.032;-0.001;-0.164;0;0;0;-0.708;0.131;-0.113;0.758;-0.046;-0.001;0;0;0;-0.658;0.136;-0.367;0.781;-0.076;-0.002;0;-0.746;0.307;0.312;0.639;0.662;-0.351;0.766;0.793;0.668;-0.513;0.762;0.811;0.655;-0.038;0.775;0.812;0.63;0.186;0.812;0.812;-0.747;0.305;0.312;0.639;0.662;-0.351;0.766;0.793;0.668;-0.513;0.762;0.811;0.655;-0.038;0.775;0.812;0.631;0.186;0.812;0.812
-0.057;0.001;-0.001;0;0;0;0;0;0;0.027;0.082;-0.014;0.052;0.068;-0.007;0;0;0;0;0.257;0;0.59;0.137;-0.106;0.935;0.043;0;-0.154;0;0.601;0.104;-0.097;0.934;0.032;-0.001;-0.164;0;0;0;-0.708;0.131;-0.113;0.758;-0.046;-0.001;0;0;0;-0.658;0.136;-0.367;0.781;-0.076;-0.002;0;-0.746;0.307;0.312;0.639;0.662;-0.351;0.766;0.793;0.668;-0.513;0.762;0.811;0.655;-0.038;0.775;0.812;0.63;0.186;0.812;0.812;-0.747;0.305;0.312;0.639;0.662;-0.351;0.766;0.793;0.668;-0.513;0.762;0.811;0.655;-0.038;0.775;0.812;0.631;0.186;0.812;0.812
-0.057;0.001;-0.001;0;0;0;0;0;0;0.026;0.083;-0.014;0.051;0.068;-0.007;0;0;0;0;0.257;0;0.591;0.137;-0.106;0.935;0.043;0;-0.154;0;0.601;0.104;-0.097;0.934;0.032;-0.001;-0.164;0;0;0;-0.707;0.131;-0.113;0.758;-0.046;-0.001;0;0;0;-0.658;0.135;-0.367;0.782;-0.076;-0.002;0;-0.746;0.307;0.312;0.639;0.662;-0.351;0.766;0.793;0.668;-0.513;0.762;0.811;0.655;-0.038;0.775;0.812;0.63;0.186;0.812;0.812;-0.747;0.305;0.312;0.639;0.662;-0.351;0.766;0.793;0.668;-0.513;0.762;0.811;0.655;-0.038;0.775;0.812;0.631;0.186;0.812;0.812
-0.057;0.001;-0.001;0;0;0;0;0;0;0.024;0.084;-0.013;0.05;0.068;-0.006;0;0;0;0;0.257;0;0.591;0.137;-0.106;0.935;0.043;0;-0.154;0;0.601;0.104;-0.097;0.935;0.032;-0.001;-0.164;0;0;0;-0.707;0.131;-0.113;0.758;-0.046;-0.001;0;0;0;-0.659;0.135;-0.366;0.782;-0.076;-0.002;0;-0.746;0.307;0.312;0.639;0.662;-0.351;0.766;0.793;0.668;-0.513;0.762;0.811;0.655;-0.038;0.775;0.812;0.63;0.186;0.812;0.812;-0.747;0.305;0.312;0.639;0.662;-0.351;0.766;0.793;0.668;-0.513;0.762;0.811;0.655;-0.038;0.775;0.812;0.631;0.186;0.812;0.812
-0.057;0.001;-0.001;0;0;0;0;0;0;0.034;0.077;-0.013;0.049;0.068;-0.005;0;0;0;0;0.257;0;0.591;0.137;-0.106;0.935;0.043;0;-0.154;0;0.601;0.104;-0.097;0.935;0.032;-0.001;-0.164;0;0;0;-0.707;0.131;-0.113;0.758;-0.046;-0.001;0;0;0;-0.659;0.135;-0.366;0.782;-0.076;-0.002;0;-0.746;0.307;0.312;0.639;0.662;-0.351;0.766;0.793;0.668;-0.513;0.762;0.811;0.655;-0.038;0.775;0.812;0.63;0.186;0.812;0.812;-0.747;0.305;0.312;0.639;0.662;-0.351;0.766;0.793;0.668;-0.513;0.762;0.811;0.655;-0.038;0.775;0.812;0.631;0.186;0.812;0.812
-0.058;0.001;-0.001;0;0;0;0;0;0;0.038;0.076;-0.013;0.048;0.069;-0.006;0;0;0;0;0.257;0;0.591;0.137;-0.106;0.935;0.043;0;-0.154;0;0.602;0.104;-0.097;0.935;0.032;-0.001;-0.164;0;0;0;-0.707;0.131;-0.113;0.758;-0.046;-0.001;0;0;0;-0.659;0.135;-0.365;0.782;-0.075;-0.002;0;-0.746;0.307;0.312;0.639;0.662;-0.351;0.766;0.793;0.668;-0.513;0.762;0.811;0.655;-0.038;0.775;0.812;0.63;0.186;0.812;0.812;-0.747;0.305;0.312;0.639;0.662;-0.351;0.766;0.793;0.668;-0.513;0.762;0.811;0.655;-0.038;0.775;0.812;0.631;0.186;0.812;0.812
-0.058;0.001;-0.001;0;0;0;0;0;0;0.035;0.077;-0.015;0.047;0.07;-0.008;0;0;0;0;0.257;0;0.591;0.137;-0.106;0.935;0.043;0;-0.154;0;0.602;0.104;-0.097;0.935;0.032;-0.001;-0.164;0;0;0;-0.707;0.131;-0.113;0.758;-0.046;-0.001;0;0;0;-0.66;0.135;-0.365;0.782;-0.075;-0.002;0;-0.746;0.307;0.312;0.639;0.662;-0.351;0.766;0.793;0.668;-0.513;0.762;0.811;0.655;-0.038;0.775;0.812;0.63;0.186;0.812;0.812;-0.747;0.305;0.312;0.639;0.662;-0.351;0.766;0.793;0.668;-0.513;0.762;0.811;0.655;-0.038;0.775;0.812;0.631;0.186;0.812;0.812
-0.059;0.001;-0.001;0;0;0;0;0;0;0.03;0.079;-0.018;0.045;0.071;-0.011;0;0;0;0;0.257;0;0.591;0.137;-0.106;0.935;0.043;0;-0.154;0;0.602;0.104;-0.097;0.935;0.032;-0.001;-0.164;0;0;0;-0.707;0.131;-0.113;0.758;-0.046;-0.001;0;0;0;-0.66;0.135;-0.364;0.782;-0.075;-0.002;0;-0.746;0.307;0.312;0.639;0.662;-0.351;0.766;0.793;0.668;-0.513;0.762;0.811;0.655;-0.038;0.775;0.812;0.63;0.186;0.812;0.812;-0.747;0.305;0.312;0.639;0.662;-0.351;0.766;0.793;0.668;-0.513;0.762;0.811;0.655;-0.038;0.775;0.812;0.631;0.186;0.812;0.812
-0.059;0;-0.001;0;0;0;0;0;0;0.029;0.079;-0.022;0.044;0.071;-0.016;0;0;0;0;0.257;0;0.591;0.137;-0.106;0.935;0.043;0;-0.154;0;0.602;0.104;-0.097;0.935;0.032;-0.001;-0.164;0;0;0;-0.707;0.131;-0.113;0.758;-0.046;-0.001;0;0;0;-0.661;0.135;-0.363;0.782;-0.075;-0.002;0;-0.746;0.307;0.312;0.639;0.662;-0.351;0.766;0.793;0.668;-0.513;0.762;0.811;0.655;-0.038;0.775;0.812;0.63;0.186;0.812;0.812;-0.747;0.305;0.312;0.639;0.662;-0.351;0.766;0.793;0.668;-0.513;0.762;0.811;0.655;-0.038;0.775;0.812;0.631;0.186;0.812;0.812
-0.059;0;-0.001;0;0;0;0;0;0;0.029;0.08;-0.026;0.044;0.072;-0.02;0;0;0;0;0.257;0;0.591;0.137;-0.106;0.935;0.043;0;-0.154;0;0.602;0.104;-0.097;0.935;0.032;-0.001;-0.164;0;0;0;-0.707;0.131;-0.113;0.758;-0.046;-0.001;0;0;0;-0.661;0.135;-0.363;0.782;-0.075;-0.002;0;-0.746;0.307;0.312;0.639;0.662;-0.351;0.766;0.793;0.668;-0.513;0.762;0.811;0.655;-0.038;0.775;0.812;0.63;0.186;0.812;0.812;-0.747;0.305;0.312;0.639;0.662;-0.351;0.766;0.793;0.668;-0.513;0.762;0.811;0.655;-0.038;0.775;0.812;0.631;0.186;0.812;0.812
-0.06;0;-0.001;0;0;0;0;0;0;0.033;0.077;-0.03;0.044;0.072;-0.024;0;0;0;0;0.257;0;0.591;0.137;-0.106;0.935;0.043;0;-0.154;0;0.602;0.104;-0.097;0.935;0.032;-0.001;-0.164;0;0;0;-0.707;0.131;-0.113;0.759;-0.046;-0.001;0;0;0;-0.661;0.135;-0.361;0.782;-0.075;-0.002;0;-0.746;0.307;0.312;0.639;0.662;-0.351;0.766;0.793;0.668;-0.513;0.762;0.811;0.655;-0.038;0.775;0.812;0.63;0.186;0.812;0.812;-0.747;0.305;0.312;0.639;0.662;-0.351;0.766;0.793;0.668;-0.513;0.762;0.811;0.655;-0.038;0.775;0.812;0.631;0.186;0.812;0.812
-0.06;0;-0.001;0;0;0;0;0;0;0.034;0.077;-0.032;0.045;0.072;-0.027;0;0;0;0;0.257;0;0.591;0.137;-0.106;0.935;0.043;0;-0.154;0;0.602;0.104;-0.097;0.935;0.032;-0.001;-0.164;0;0;0;-0.707;0.131;-0.113;0.759;-0.046;-0.001;0;0;0;-0.662;0.135;-0.36;0.782;-0.075;-0.002;0;-0.746;0.307;0.312;0.639;0.662;-0.351;0.766;0.793;0.668;-0.513;0.762;0.811;0.655;-0.038;0.775;0.812;0.63;0.186;0.812;0.812;-0.747;0.305;0.312;0.639;0.662;-0.351;0.766;0.793;0.668;-0.513;0.762;0.811;0.655;-0.038;0.775;0.812;0.631;0.186;0.812;0.812
-0.061;0;-0.001;0;0;0;0;0;0;0.03;0.078;-0.032;0.043;0.072;-0.027;0;0;0;0;0.257;0;0.591;0.137;-0.106;0.935;0.043;0;-0.154;0;0.602;0.104;-0.098;0.935;0.032;-0.001;-0.164;0;0;0;-0.707;0.131;-0.113;0.759;-0.046;-0.001;0;0;0;-0.662;0.135;-0.358;0.781;-0.075;-0.002;0;-0.746;0.307;0.312;0.639;0.662;-0.351;0.766;0.793;0.668;-0.513;0.762;0.811;0.655;-0.038;0.775;0.812;0.63;0.186;0.812;0.812;-0.747;0.305;0.312;0.639;0.662;-0.351;0.766;0.793;0.668;-0.513;0.762;0.811;0.655;-0.038;0.775;0.812;0.631;0.186;0.812;0.812
-0.061;0;-0.001;0;0;0;0;0;0;0.024;0.079;-0.029;0.036;0.072;-0.024;0;0;0;0;0.257;0;0.591;0.137;-0.106;0.935;0.043;0;-0.154;0;0.602;0.104;-0.098;0.935;0.032;-0.001;-0.164;0;0;0;-0.707;0.131;-0.113;0.759;-0.046;-0.001;0;0;0;-0.662;0.135;-0.35;0.777;-0.072;-0.002;0;-0.746;0.307;0.312;0.639;0.662;-0.351;0.766;0.793;0.668;-0.513;0.762;0.811;0.655;-0.038;0.775;0.812;0.63;0.186;0.812;0.812;-0.747;0.305;0.312;0.639;0.662;-0.351;0.766;0.793;0.668;-0.513;0.762;0.811;0.655;-0.038;0.775;0.812;0.631;0.186;0.812;0.812
-0.061;0;-0.001;0;0;0;0;0;0;0.024;0.08;-0.028;0.035;0.074;-0.022;0;0;0;0;0.257;0;0.591;0.137;-0.105;0.935;0.043;0;-0.154;0;0.603;0.104;-0.098;0.935;0.032;-0.001;-0.164;0;0;0;-0.707;0.131;-0.113;0.76;-0.046;-0.001;0;0;0;-0.661;0.135;-0.326;0.76;-0.067;-0.001;0;-0.746;0.307;0.312;0.639;0.662;-0.351;0.766;0.793;0.668;-0.513;0.762;0.811;0.655;-0.038;0.775;0.812;0.63;0.186;0.812;0.812;-0.747;0.305;0.312;0.639;0.662;-0.351;0.766;0.793;0.668;-0.513;0.762;0.811;0.655;-0.038;0.775;0.812;0.631;0.186;0.812;0.812
-0.061;0;-0.002;0;0;0;0;0;0;0.028;0.084;-0.027;0.04;0.078;-0.021;0;0;0;0;0.257;0;0.591;0.137;-0.105;0.935;0.043;0;-0.154;0;0.603;0.104;-0.098;0.935;0.032;-0.001;-0.164;0;0;0;-0.707;0.131;-0.113;0.76;-0.046;-0.001;0;0;0;-0.66;0.133;-0.287;0.726;-0.063;-0.001;0;-0.746;0.307;0.312;0.639;0.662;-0.351;0.766;0.793;0.668;-0.513;0.762;0.811;0.655;-0.038;0.775;0.812;0.63;0.186;0.812;0.812;-0.747;0.305;0.312;0.639;0.662;-0.351;0.766;0.793;0.668;-0.513;0.762;0.811;0.655;-0.038;0.775;0.812;0.631;0.186;0.812;0.812
-0.061;0;-0.002;0;0;0;0;0;0;0.037;0.09;-0.03;0.051;0.085;-0.023;0;0;0;0;0.257;0;0.591;0.137;-0.105;0.935;0.043;0;-0.154;0;0.603;0.104;-0.099;0.935;0.032;-0.001;-0.164;0;0;0;-0.706;0.131;-0.113;0.76;-0.046;-0.001;0;0;0;-0.657;0.129;-0.246;0.673;-0.062;0;0;-0.746;0.307;0.312;0.639;0.662;-0.351;0.766;0.793;0.668;-0.513;0.762;0.811;0.655;-0.038;0.775;0.812;0.63;0.186;0.812;0.812;-0.747;0.305;0.312;0.639;0.662;-0.351;0.766;0.793;0.668;-0.513;0.762;0.811;0.655;-0.038;0.775;0.812;0.631;0.186;0.812;0.812
-0.062;0;-0.002;0;0;0;0;0;0;0.04;0.092;-0.033;0.054;0.088;-0.026;0;0;0;0;0.257;0;0.592;0.137;-0.104;0.935;0.042;0;-0.154;0;0.603;0.104;-0.099;0.935;0.032;-0.001;-0.164;0;0;0;-0.706;0.131;-0.113;0.76;-0.046;-0.001;0;0;0;-0.649;0.12;-0.223;0.611;-0.064;0;0;-0.746;0.307;0.312;0.639;0.662;-0.351;0.766;0.793;0.668;-0.513;0.762;0.811;0.655;-0.038;0.775;0.812;0.63;0.186;0.812;0.812;-0.747;0.305;0.312;0.639;0.662;-0.351;0.766;0.793;0.668;-0.513;0.762;0.811;0.655;-0.038;0.775;0.812;0.631;0.186;0.812;0.812
-0.062;0;-0.002;0;0;0;0;0;0;0.038;0.093;-0.035;0.052;0.089;-0.029;0;0;0;0;0.257;0;0.592;0.136;-0.102;0.935;0.042;0.001;-0.154;0;0.603;0.105;-0.101;0.935;0.033;-0.001;-0.163;0;0;0;-0.706;0.131;-0.113;0.76;-0.046;-0.001;0;0;0;-0.635;0.103;-0.209;0.528;-0.066;0;0;-0.746;0.307;0.312;0.639;0.662;-0.351;0.766;0.793;0.668;-0.513;0.762;0.811;0.655;-0.038;0.775;0.812;0.63;0.186;0.812;0.812;-0.747;0.305;0.312;0.639;0.662;-0.351;0.766;0.793;0.668;-0.513;0.762;0.811;0.655;-0.038;0.775;0.812;0.631;0.186;0.812;0.812
-0.062;0;-0.003;0;0;0;0;0;0;0.035;0.095;-0.036;0.052;0.091;-0.031;0;0;0;0;0.257;0;0.592;0.135;-0.099;0.935;0.041;0.001;-0.154;0;0.603;0.106;-0.105;0.935;0.035;-0.001;-0.162;0;0;0;-0.707;0.13;-0.114;0.76;-0.046;-0.001;0;0;0;-0.609;0.069;-0.185;0.418;-0.062;0;0;-0.746;0.307;0.312;0.639;0.662;-0.351;0.766;0.793;0.668;-0.513;0.762;0.811;0.655;-0.038;0.775;0.812;0.63;0.186;0.812;0.812;-0.747;0.305;0.312;0.639;0.662;-0.351;0.766;0.793;0.668;-0.513;0.762;0.811;0.655;-0.038;0.775;0.812;0.631;0.186;0.812;0.812
-0.062;0;-0.003;0;0;0;0;0;0;0.035;0.096;-0.037;0.05;0.092;-0.032;0;0;0;0;0.257;0;0.592;0.134;-0.096;0.935;0.039;0.001;-0.153;0;0.603;0.107;-0.108;0.935;0.037;-0.001;-0.162;0;0;0;-0.707;0.13;-0.115;0.76;-0.046;-0.001;0;0;0;-0.574;0.031;-0.152;0.34;-0.059;0;0;-0.746;0.307;0.312;0.639;0.662;-0.351;0.766;0.793;0.668;-0.513;0.762;0.811;0.655;-0.038;0.775;0.812;0.63;0.186;0.812;0.812;-0.747;0.305;0.312;0.639;0.662;-0.351;0.766;0.793;0.668;-0.513;0.762;0.811;0.655;-0.038;0.775;0.812;0.631;0.186;0.812;0.812
-0.062;-0.001;-0.003;0;0;0;0;0;0;0.037;0.094;-0.038;0.05;0.09;-0.031;0;0;0;0;0.257;0;0.592;0.133;-0.094;0.935;0.038;0.001;-0.151;0;0.603;0.108;-0.112;0.935;0.039;-0.001;-0.161;0;0;0;-0.707;0.13;-0.115;0.76;-0.046;-0.001;0;0;0;-0.521;-0.014;-0.116;0.294;-0.066;0;0;-0.746;0.307;0.312;0.639;0.662;-0.351;0.766;0.793;0.668;-0.513;0.762;0.811;0.655;-0.038;0.775;0.812;0.63;0.186;0.812;0.812;-0.747;0.305;0.312;0.639;0.662;-0.351;0.766;0.793;0.668;-0.513;0.762;0.811;0.655;-0.038;0.775;0.812;0.631;0.186;0.812;0.812
-0.063;-0.001;-0.003;0;0;0;0;0;0;0.035;0.094;-0.035;0.049;0.089;-0.03;0;0;0;0;0.257;0;0.591;0.132;-0.092;0.935;0.037;0.001;-0.15;0;0.604;0.11;-0.115;0.934;0.041;-0.001;-0.161;0;0;0;-0.707;0.13;-0.116;0.76;-0.046;-0.001;0;0;0;-0.456;-0.067;-0.081;0.245;-0.075;0;0;-0.746;0.307;0.312;0.639;0.662;-0.351;0.766;0.793;0.668;-0.513;0.762;0.811;0.655;-0.038;0.775;0.812;0.63;0.186;0.812;0.812;-0.747;0.305;0.312;0.639;0.662;-0.351;0.766;0.793;0.668;-0.513;0.762;0.811;0.655;-0.038;0.775;0.812;0.631;0.186;0.812;0.812
-0.063;0;0.005;0;0;0;0;0;0;0.032;0.09;-0.03;0.041;0.087;-0.03;0;0;0;0;0.257;0;0.591;0.13;-0.098;0.935;0.032;0;-0.148;0;0.605;0.112;-0.111;0.934;0.047;0;-0.161;0;0;0;-0.707;0.13;-0.115;0.76;-0.045;-0.001;0;0;0;-0.395;-0.126;-0.038;0.166;-0.072;0;0;-0.746;0.307;0.312;0.639;0.662;-0.351;0.766;0.793;0.668;-0.513;0.762;0.811;0.655;-0.038;0.775;0.812;0.63;0.186;0.812;0.812;-0.747;0.305;0.312;0.639;0.662;-0.351;0.766;0.793;0.668;-0.513;0.762;0.811;0.655;-0.038;0.775;0.812;0.631;0.186;0.812;0.812
-0.063;0.001;0.021;0;0;0;0;0;0;0.017;0.085;-0.036;0.028;0.08;-0.035;0;0;0;0;0.257;0;0.59;0.129;-0.113;0.935;0.029;-0.001;-0.149;0;0.607;0.115;-0.096;0.925;0.024;0.005;-0.166;0;0;0;-0.708;0.131;-0.105;0.76;-0.044;-0.001;0;0;0;-0.344;-0.188;0.013;0.068;-0.052;0;0;-0.746;0.307;0.312;0.639;0.662;-0.351;0.766;0.793;0.668;-0.513;0.762;0.811;0.655;-0.038;0.775;0.812;0.63;0.186;0.812;0.812;-0.747;0.305;0.312;0.639;0.662;-0.351;0.766;0.793;0.668;-0.513;0.762;0.811;0.655;-0.038;0.775;0.812;0.631;0.186;0.812;0.812
-0.063;0;0.017;0;0;0;0;0;0;0.01;0.081;-0.049;0.017;0.078;-0.039;0;0;0;0;0.257;0;0.589;0.128;-0.106;0.935;0.034;-0.001;-0.15;0;0.608;0.117;-0.101;0.906;-0.023;0.006;-0.172;0;0;0;-0.708;0.131;-0.099;0.76;-0.044;0;0;0;0;-0.319;-0.226;0.05;0.018;-0.037;0;0;-0.746;0.307;0.312;0.639;0.662;-0.351;0.766;0.793;0.668;-0.513;0.762;0.811;0.655;-0.038;0.775;0.812;0.63;0.186;0.812;0.812;-0.747;0.305;0.312;0.639;0.662;-0.351;0.766;0.793;0.668;-0.513;0.762;0.811;0.655;-0.038;0.775;0.812;0.631;0.186;0.812;0.812
-0.063;-0.003;-0.001;0;0;0;0;0;0;-0.004;0.08;-0.052;0.002;0.075;-0.044;0;0;0;0;0.257;0;0.588;0.127;-0.086;0.935;0.043;-0.001;-0.148;0;0.611;0.12;-0.116;0.87;-0.096;-0.009;-0.147;0;0;0;-0.707;0.131;-0.102;0.76;-0.045;0;0;0;0;-0.277;-0.271;0.111;-0.029;-0.022;0;0;-0.746;0.307;0.312;0.639;0.662;-0.351;0.766;0.793;0.668;-0.513;0.762;0.811;0.655;-0.038;0.775;0.812;0.63;0.186;0.812;0.812;-0.747;0.305;0.312;0.639;0.662;-0.351;0.766;0.793;0.668;-0.513;0.762;0.811;0.655;-0.038;0.775;0.812;0.631;0.186;0.812;0.812
-0.063;-0.005;-0.012;0;0;0;0;0;0;-0.009;0.071;-0.054;-0.006;0.069;-0.047;0;0;0;0;0.257;0;0.586;0.126;-0.075;0.935;0.045;0;-0.145;0;0.614;0.122;-0.12;0.833;-0.163;-0.033;-0.082;0;0;0;-0.706;0.13;-0.109;0.759;-0.047;0;0;0;0;-0.242;-0.298;0.162;-0.047;-0.015;0;0;-0.746;0.307;0.312;0.639;0.662;-0.351;0.766;0.793;0.668;-0.513;0.762;0.811;0.655;-0.038;0.775;0.812;0.63;0.186;0.812;0.812;-0.747;0.305;0.312;0.639;0.662;-0.351;0.766;0.793;0.668;-0.513;0.762;0.811;0.655;-0.038;0.775;0.812;0.631;0.186;0.812;0.812
-0.064;-0.006;-0.021;0;0;0;0;0;0;-0.012;0.076;-0.052;-0.008;0.068;-0.049;0;0;0;0;0.257;0;0.584;0.124;-0.066;0.935;0.044;0;-0.142;0;0.617;0.125;-0.121;0.804;-0.208;-0.055;-0.029;0;0;0;-0.704;0.129;-0.12;0.758;-0.049;0;0;0;0;-0.205;-0.315;0.208;-0.055;-0.012;0;0;-0.746;0.307;0.312;0.639;0.662;-0.351;0.766;0.793;0.668;-0.513;0.762;0.811;0.655;-0.038;0.775;0.812;0.63;0.186;0.812;0.812;-0.747;0.305;0.312;0.639;0.662;-0.351;0.766;0.793;0.668;-0.513;0.762;0.811;0.655;-0.038;0.775;0.812;0.631;0.186;0.812;0.812
-0.064;-0.006;-0.027;0;0;0;0;0;0;-0.011;0.074;-0.054;-0.009;0.068;-0.052;0;0;0;0;0.257;0;0.581;0.123;-0.062;0.936;0.042;0.001;-0.137;0;0.62;0.127;-0.119;0.783;-0.239;-0.082;0.018;0;0;0;-0.702;0.128;-0.132;0.757;-0.051;-0.001;0;0;0;-0.169;-0.326;0.246;-0.053;-0.012;0;0;-0.746;0.307;0.312;0.639;0.662;-0.351;0.766;0.793;0.668;-0.513;0.762;0.811;0.655;-0.038;0.775;0.812;0.63;0.186;0.812;0.812;-0.747;0.305;0.312;0.639;0.662;-0.351;0.766;0.793;0.668;-0.513;0.762;0.811;0.655;-0.038;0.775;0.812;0.631;0.186;0.812;0.812
-0.064;-0.003;-0.002;0;0;0;0;0;0;-0.013;0.087;-0.029;-0.006;0.068;-0.053;0;0;0;0;0.257;0;0.577;0.121;-0.087;0.936;0.032;0;-0.135;0;0.623;0.129;-0.082;0.759;-0.254;-0.095;0.038;0;0;0;-0.7;0.128;-0.131;0.757;-0.052;0;0;0;0;-0.142;-0.336;0.262;-0.047;-0.009;0;0;-0.746;0.307;0.312;0.639;0.662;-0.351;0.766;0.793;0.668;-0.513;0.762;0.811;0.655;-0.038;0.775;0.812;0.63;0.186;0.812;0.812;-0.747;0.305;0.312;0.639;0.662;-0.351;0.766;0.793;0.668;-0.513;0.762;0.811;0.655;-0.038;0.775;0.812;0.631;0.186;0.812;0.812
-0.064;-0.001;0.013;0;0;0;0;0;0;-0.008;0.074;-0.052;-0.004;0.07;-0.056;0;0;0;0;0.257;0;0.575;0.12;-0.101;0.936;0.031;0;-0.134;0;0.624;0.131;-0.066;0.758;-0.248;-0.129;0.035;0;0;0;-0.699;0.129;-0.124;0.758;-0.051;0;0;0;0;-0.122;-0.346;0.27;-0.038;-0.004;0;0;-0.746;0.307;0.312;0.639;0.662;-0.351;0.766;0.793;0.668;-0.513;0.762;0.811;0.655;-0.038;0.775;0.812;0.63;0.186;0.812;0.812;-0.747;0.305;0.312;0.639;0.662;-0.351;0.766;0.793;0.668;-0.513;0.762;0.811;0.655;-0.038;0.775;0.812;0.631;0.186;0.812;0.812
-0.065;-0.001;0.018;0;0;0;0;0;0;-0.009;0.078;-0.055;-0.002;0.071;-0.06;0;0;0;0;0.257;0;0.573;0.118;-0.103;0.935;0.037;0;-0.134;0;0.625;0.132;-0.068;0.798;-0.246;-0.193;0.007;0;0;0;-0.697;0.13;-0.116;0.758;-0.051;0;0;0;0;-0.103;-0.357;0.271;-0.025;0.002;0;0;-0.746;0.307;0.312;0.639;0.662;-0.351;0.766;0.793;0.668;-0.513;0.762;0.811;0.655;-0.038;0.775;0.812;0.63;0.186;0.812;0.812;-0.747;0.305;0.312;0.639;0.662;-0.351;0.766;0.793;0.668;-0.513;0.762;0.811;0.655;-0.038;0.775;0.812;0.631;0.186;0.812;0.812
-0.065;-0.001;0.018;0;0;0;0;0;0;-0.01;0.077;-0.057;-0.001;0.072;-0.062;0;0;0;0;0.257;0;0.572;0.117;-0.101;0.935;0.04;0;-0.134;0;0.625;0.133;-0.075;0.83;-0.26;-0.22;0.01;0;0;0;-0.696;0.13;-0.113;0.759;-0.051;0;0;0;0;-0.094;-0.361;0.269;-0.017;0.004;0;0;-0.746;0.307;0.312;0.639;0.662;-0.351;0.766;0.793;0.668;-0.513;0.762;0.811;0.655;-0.038;0.775;0.812;0.63;0.186;0.812;0.812;-0.747;0.305;0.312;0.639;0.662;-0.351;0.766;0.793;0.668;-0.513;0.762;0.811;0.655;-0.038;0.775;0.812;0.631;0.186;0.812;0.812
-0.065;-0.002;0.015;0;0;0;0;0;0;-0.009;0.077;-0.057;0.003;0.073;-0.063;0;0;0;0;0.257;0;0.571;0.116;-0.096;0.934;0.046;-0.001;-0.133;0;0.625;0.134;-0.091;0.882;-0.218;-0.213;-0.025;0;0;0;-0.694;0.131;-0.111;0.76;-0.052;-0.001;0;0;0;-0.082;-0.366;0.265;-0.003;0.007;0;0;-0.746;0.307;0.312;0.639;0.662;-0.351;0.766;0.793;0.668;-0.513;0.762;0.811;0.655;-0.038;0.775;0.812;0.63;0.186;0.812;0.812;-0.747;0.305;0.312;0.639;0.662;-0.351;0.766;0.793;0.668;-0.513;0.762;0.811;0.655;-0.038;0.775;0.812;0.631;0.186;0.812;0.812
-0.066;-0.002;0.012;0;0;0;0;0;0;-0.002;0.071;-0.062;0.008;0.074;-0.064;0;0;0;0;0.257;0;0.57;0.114;-0.092;0.934;0.049;-0.001;-0.132;0;0.624;0.135;-0.101;0.914;-0.171;-0.181;-0.058;0;0;0;-0.693;0.132;-0.111;0.761;-0.052;-0.001;0;0;0;-0.074;-0.37;0.261;0.008;0.009;0;0;-0.746;0.307;0.312;0.639;0.662;-0.351;0.766;0.793;0.668;-0.513;0.762;0.811;0.655;-0.038;0.775;0.812;0.63;0.186;0.812;0.812;-0.747;0.305;0.312;0.639;0.662;-0.351;0.766;0.793;0.668;-0.513;0.762;0.811;0.655;-0.038;0.775;0.812;0.631;0.186;0.812;0.812
-0.066;-0.003;0.009;0;0;0;0;0;0;-0.003;0.074;-0.061;0.01;0.08;-0.066;0;0;0;0;0.257;0;0.57;0.113;-0.088;0.934;0.052;-0.001;-0.13;0;0.624;0.136;-0.112;0.942;-0.145;-0.133;-0.083;0;0;0;-0.691;0.132;-0.113;0.762;-0.053;-0.001;0;0;0;-0.066;-0.372;0.257;0.019;0.011;0;0;-0.746;0.307;0.312;0.639;0.662;-0.351;0.766;0.793;0.668;-0.513;0.762;0.811;0.655;-0.038;0.775;0.812;0.63;0.186;0.812;0.812;-0.747;0.305;0.312;0.639;0.662;-0.351;0.766;0.793;0.668;-0.513;0.762;0.811;0.655;-0.038;0.775;0.812;0.631;0.186;0.812;0.812
-0.066;-0.003;0.006;0;0;0;0;0;0;-0.006;0.078;-0.063;0.009;0.088;-0.068;0;0;0;0;0.257;0;0.569;0.112;-0.085;0.934;0.052;-0.001;-0.128;0;0.624;0.136;-0.117;0.951;-0.144;-0.107;-0.091;0;0;0;-0.69;0.132;-0.116;0.764;-0.054;-0.001;0;0;0;-0.062;-0.372;0.254;0.027;0.012;0;0;-0.746;0.307;0.312;0.639;0.662;-0.351;0.766;0.793;0.668;-0.513;0.762;0.811;0.655;-0.038;0.775;0.812;0.63;0.186;0.812;0.812;-0.747;0.305;0.312;0.639;0.662;-0.351;0.766;0.793;0.668;-0.513;0.762;0.811;0.655;-0.038;0.775;0.812;0.631;0.186;0.812;0.812
-0.067;-0.003;0.003;0;0;0;0;0;0;0;0.082;-0.063;0.017;0.097;-0.068;0;0;0;0;0.257;0;0.568;0.11;-0.081;0.934;0.054;-0.001;-0.125;0;0.624;0.137;-0.122;0.962;-0.137;-0.064;-0.109;0;0;0;-0.688;0.132;-0.12;0.765;-0.054;-0.001;0;0;0;-0.056;-0.373;0.246;0.043;0.013;0;0;-0.746;0.307;0.312;0.639;0.662;-0.351;0.766;0.793;0.668;-0.513;0.762;0.811;0.655;-0.038;0.775;0.812;0.63;0.186;0.812;0.812;-0.747;0.305;0.312;0.639;0.662;-0.351;0.766;0.793;0.668;-0.513;0.762;0.811;0.655;-0.038;0.775;0.812;0.631;0.186;0.812;0.812
-0.067;-0.006;-0.022;0;0;0;0;0;0;0.012;0.081;-0.082;0.033;0.099;-0.069;0;0;0;0;0.257;0;0.569;0.109;-0.048;0.933;0.057;0;-0.121;0;0.624;0.138;-0.117;0.96;-0.157;-0.049;-0.115;0;0;0;-0.687;0.131;-0.129;0.766;-0.057;-0.001;0;0;0;-0.055;-0.367;0.243;0.07;0.044;0.05;0.145;-0.746;0.307;0.312;0.639;0.662;-0.351;0.766;0.793;0.668;-0.513;0.762;0.811;0.655;-0.038;0.775;0.812;0.63;0.186;0.812;0.812;-1;-0.315;-0.072;0.219;0.089;-0.215;-0.144;-0.423;0.259;0.022;-0.258;-0.721;-0.117;-0.396;-0.635;-0.632;-0.125;0.285;-0.484;-0.579
-0.067;-0.004;-0.012;0;0;0;0;0;0;0.018;0.079;-0.055;0.044;0.097;-0.072;0;0;0;0;0.257;0;0.567;0.108;-0.054;0.934;0.043;-0.001;-0.116;0;0.625;0.139;-0.092;0.952;-0.123;-0.026;-0.126;0;0;0;-0.687;0.13;-0.115;0.767;-0.066;-0.001;0;0;0;-0.068;-0.359;0.129;0.118;0.05;0.053;0.198;-0.746;0.307;0.312;0.639;0.662;-0.351;0.766;0.793;0.668;-0.513;0.762;0.811;0.655;-0.038;0.775;0.812;0.63;0.186;0.812;0.812;-1;-0.544;-0.19;0.089;-0.088;-0.182;-0.373;-0.682;0.125;0.179;-0.37;-0.85;-0.333;-0.452;-0.897;-0.708;-0.328;0.312;-0.717;-0.703
-0.067;-0.006;-0.024;0;0;0;0;0;0;0.027;0.076;-0.084;0.049;0.094;-0.077;0;0;0;0;0.257;0;0.566;0.107;-0.034;0.934;0.039;-0.001;-0.111;0;0.624;0.14;-0.089;0.943;-0.105;-0.008;-0.134;0;0;0;-0.686;0.129;-0.104;0.767;-0.079;-0.002;0;0;0;-0.135;-0.331;0.028;0.18;0.057;0.094;0.217;-0.746;0.307;0.312;0.639;0.662;-0.351;0.766;0.793;0.668;-0.513;0.762;0.811;0.655;-0.038;0.775;0.812;0.63;0.186;0.812;0.812;-1;-0.741;-0.349;-0.03;-0.311;-0.02;-0.662;-0.817;0.013;0.402;-0.299;-0.541;-0.416;-0.613;-0.988;-0.748;-0.454;0.267;-0.773;-0.673
-0.067;-0.007;-0.036;0;0;0;0;0;0;0.021;0.072;-0.077;0.05;0.091;-0.082;0;0;0;0;0.257;0;0.565;0.106;-0.022;0.934;0.039;0;-0.106;0;0.624;0.14;-0.094;0.938;-0.093;-0.003;-0.138;0;0;0;-0.685;0.127;-0.111;0.768;-0.085;-0.002;-0.001;0;0;-0.185;-0.28;-0.01;0.233;0.027;0.117;0.188;-0.746;0.307;0.312;0.639;0.662;-0.351;0.766;0.793;0.668;-0.513;0.762;0.811;0.655;-0.038;0.775;0.812;0.63;0.186;0.812;0.812;-1;-0.824;-0.375;0.014;-0.412;0.053;-0.69;-0.659;-0.097;0.442;-0.437;-0.565;-0.36;-0.526;-0.826;-0.539;-0.39;0.319;-0.606;-0.488
-0.067;-0.007;-0.041;0;0;0;0;0;0;0.028;0.071;-0.073;0.052;0.087;-0.081;0;0;0;0;0.257;0;0.562;0.104;-0.024;0.935;0.038;0.001;-0.101;0;0.624;0.139;-0.102;0.932;-0.069;-0.001;-0.144;0;0;0;-0.684;0.125;-0.123;0.768;-0.093;-0.003;-0.001;0;0;-0.223;-0.213;-0.047;0.301;0.004;0.137;0.112;-0.746;0.307;0.312;0.639;0.662;-0.351;0.766;0.793;0.668;-0.513;0.762;0.811;0.655;-0.038;0.775;0.812;0.63;0.186;0.812;0.812;-1;-0.802;-0.409;-0.003;-0.467;0.108;-0.72;-0.58;-0.201;0.558;-0.581;-0.652;-0.351;-0.536;-0.787;-0.479;-0.379;0.299;-0.515;-0.434
-0.067;-0.006;-0.041;0;0;0;0;0;0;0.026;0.069;-0.067;0.051;0.084;-0.076;0;0;0;0;0.257;0;0.561;0.103;-0.031;0.935;0.042;0.001;-0.099;0;0.623;0.138;-0.11;0.93;-0.052;-0.002;-0.147;0;0;0;-0.683;0.124;-0.133;0.768;-0.095;-0.003;-0.001;0;0;-0.234;-0.18;-0.078;0.358;0.009;0.137;0.112;-0.746;0.307;0.312;0.639;0.662;-0.351;0.766;0.793;0.668;-0.513;0.762;0.811;0.655;-0.038;0.775;0.812;0.63;0.186;0.812;0.812;-1;-0.802;-0.409;-0.003;-0.467;0.108;-0.72;-0.58;-0.201;0.558;-0.581;-0.652;-0.351;-0.536;-0.787;-0.479;-0.379;0.299;-0.515;-0.434
-0.067;-0.006;-0.037;0;0;0;0;0;0;0.019;0.069;-0.05;0.042;0.082;-0.056;0;0;0;0;0.257;0;0.558;0.102;-0.044;0.935;0.048;0.003;-0.097;0;0.622;0.137;-0.117;0.928;-0.028;-0.005;-0.152;0;0;0;-0.683;0.122;-0.152;0.768;-0.097;-0.003;-0.001;0;0;-0.243;-0.131;-0.14;0.443;0.012;0.137;0.112;-0.746;0.307;0.312;0.639;0.662;-0.351;0.766;0.793;0.668;-0.513;0.762;0.811;0.655;-0.038;0.775;0.812;0.63;0.186;0.812;0.812;-1;-0.802;-0.409;-0.003;-0.467;0.108;-0.72;-0.58;-0.201;0.558;-0.581;-0.652;-0.351;-0.536;-0.787;-0.479;-0.379;0.299;-0.515;-0.434
-0.067;-0.005;-0.035;0;0;0;0;0;0;0.01;0.068;-0.045;0.034;0.08;-0.052;0;0;0;0;0.257;0;0.556;0.101;-0.051;0.936;0.052;0.004;-0.097;0;0.62;0.136;-0.118;0.928;-0.018;-0.008;-0.154;0;0;0;-0.683;0.121;-0.162;0.768;-0.097;-0.003;-0.001;0;0;-0.248;-0.109;-0.221;0.493;0.011;0.137;0.112;-0.746;0.307;0.312;0.639;0.662;-0.351;0.766;0.793;0.668;-0.513;0.762;0.811;0.655;-0.038;0.775;0.812;0.63;0.186;0.812;0.812;-1;-0.802;-0.409;-0.003;-0.467;0.108;-0.72;-0.58;-0.201;0.558;-0.581;-0.652;-0.351;-0.536;-0.787;-0.479;-0.379;0.299;-0.515;-0.434
-0.067;-0.004;-0.03;0;0;0;0;0;0;0.011;0.07;-0.049;0.032;0.082;-0.056;0;0;0;0;0.257;0;0.554;0.1;-0.06;0.935;0.057;0.005;-0.096;0;0.618;0.136;-0.118;0.929;-0.007;-0.012;-0.157;0;0;0;-0.683;0.12;-0.175;0.769;-0.096;-0.003;-0.001;0;0;-0.277;-0.074;-0.319;0.559;0.035;0.137;0.112;-0.746;0.307;0.312;0.639;0.662;-0.351;0.766;0.793;0.668;-0.513;0.762;0.811;0.655;-0.038;0.775;0.812;0.63;0.186;0.812;0.812;-1;-0.802;-0.409;-0.003;-0.467;0.108;-0.72;-0.58;-0.201;0.558;-0.581;-0.652;-0.351;-0.536;-0.787;-0.479;-0.379;0.299;-0.515;-0.434
-0.067;-0.004;-0.026;0;0;0;0;0;0;0.012;0.07;-0.051;0.036;0.082;-0.06;0;0;0;0;0.257;0;0.554;0.1;-0.065;0.935;0.06;0.005;-0.097;0;0.616;0.135;-0.116;0.93;-0.003;-0.014;-0.158;0;0;0;-0.684;0.12;-0.18;0.769;-0.096;-0.003;-0.001;0;0;-0.31;-0.052;-0.383;0.597;0.059;0.137;0.112;-0.746;0.307;0.312;0.639;0.662;-0.351;0.766;0.793;0.668;-0.513;0.762;0.811;0.655;-0.038;0.775;0.812;0.63;0.186;0.812;0.812;-1;-0.802;-0.409;-0.003;-0.467;0.108;-0.72;-0.58;-0.201;0.558;-0.581;-0.652;-0.351;-0.536;-0.787;-0.479;-0.379;0.299;-0.515;-0.434
-0.067;-0.003;-0.021;0;0;0;0;0;0;0.031;0.065;-0.067;0.059;0.078;-0.081;0;0;0;0;0.257;0;0.552;0.099;-0.074;0.935;0.065;0.006;-0.098;0;0.612;0.135;-0.112;0.931;0.001;-0.017;-0.16;0;0;0;-0.684;0.12;-0.187;0.768;-0.095;-0.003;-0.001;0;0;-0.361;-0.019;-0.478;0.65;0.082;0.137;0.113;-0.746;0.307;0.312;0.639;0.662;-0.351;0.766;0.793;0.668;-0.513;0.762;0.811;0.655;-0.038;0.775;0.812;0.63;0.186;0.812;0.812;-1;-0.802;-0.409;-0.003;-0.467;0.108;-0.72;-0.58;-0.201;0.558;-0.581;-0.652;-0.351;-0.536;-0.787;-0.479;-0.379;0.299;-0.515;-0.434
-0.067;-0.003;-0.018;0;0;0;0;0;0;0.026;0.062;-0.072;0.057;0.075;-0.091;0;0;0;0;0.257;0;0.552;0.099;-0.078;0.935;0.069;0.007;-0.099;0;0.61;0.134;-0.109;0.931;0.001;-0.018;-0.161;0;0;0;-0.685;0.12;-0.189;0.768;-0.094;-0.003;-0.001;0;0;-0.396;0.002;-0.529;0.679;0.1;0.137;0.113;-0.746;0.307;0.312;0.639;0.662;-0.351;0.766;0.793;0.668;-0.513;0.762;0.811;0.655;-0.038;0.775;0.812;0.63;0.186;0.812;0.812;-1;-0.802;-0.409;-0.003;-0.467;0.108;-0.72;-0.58;-0.201;0.558;-0.581;-0.652;-0.351;-0.536;-0.787;-0.479;-0.379;0.299;-0.515;-0.434
-0.067;-0.002;-0.014;0;0;0;0;0;0;0.033;0.064;-0.084;0.062;0.078;-0.101;0;0;0;0;0.257;0;0.551;0.099;-0.085;0.935;0.073;0.007;-0.1;0;0.607;0.133;-0.106;0.932;0.001;-0.018;-0.161;0;0;0;-0.686;0.12;-0.19;0.768;-0.093;-0.003;-0.001;0;0;-0.443;0.031;-0.572;0.715;0.114;0.136;0.113;-0.746;0.307;0.312;0.639;0.662;-0.351;0.766;0.793;0.668;-0.513;0.762;0.811;0.655;-0.038;0.775;0.812;0.63;0.186;0.812;0.812;-1;-0.802;-0.409;-0.003;-0.467;0.108;-0.72;-0.58;-0.201;0.558;-0.581;-0.652;-0.351;-0.536;-0.787;-0.479;-0.379;0.299;-0.515;-0.434
-0.066;-0.002;-0.012;0;0;0;0;0;0;0.035;0.066;-0.085;0.061;0.081;-0.101;0;0;0;0;0.257;0;0.551;0.1;-0.089;0.934;0.075;0.007;-0.102;0;0.606;0.133;-0.104;0.933;0;-0.018;-0.161;0;0;0;-0.686;0.121;-0.189;0.768;-0.092;-0.003;-0.001;0;0;-0.467;0.047;-0.588;0.732;0.121;0.136;0.113;-0.746;0.307;0.312;0.639;0.662;-0.351;0.766;0.793;0.668;-0.513;0.762;0.811;0.655;-0.038;0.775;0.812;0.63;0.186;0.812;0.812;-1;-0.802;-0.409;-0.003;-0.467;0.108;-0.72;-0.58;-0.201;0.558;-0.581;-0.652;-0.351;-0.536;-0.787;-0.479;-0.379;0.299;-0.515;-0.434
-0.066;-0.001;-0.008;0;0;0;0;0;0;0.035;0.071;-0.085;0.063;0.087;-0.101;0;0;0;0;0.257;0;0.55;0.101;-0.094;0.934;0.079;0.007;-0.104;0;0.604;0.132;-0.101;0.933;-0.001;-0.018;-0.162;0;0;0;-0.687;0.121;-0.187;0.768;-0.092;-0.003;-0.001;0;0;-0.509;0.072;-0.605;0.76;0.115;0.135;0.113;-0.746;0.307;0.312;0.639;0.662;-0.351;0.766;0.793;0.668;-0.513;0.762;0.811;0.655;-0.038;0.775;0.812;0.63;0.186;0.812;0.812;-1;-0.802;-0.409;-0.003;-0.467;0.108;-0.72;-0.58;-0.201;0.558;-0.581;-0.652;-0.351;-0.536;-0.787;-0.479;-0.379;0.299;-0.515;-0.434
-0.066;-0.001;-0.007;0;0;0;0;0;0;0.036;0.077;-0.083;0.066;0.094;-0.099;0;0;0;0;0.257;0;0.55;0.102;-0.098;0.934;0.081;0.007;-0.106;0;0.603;0.131;-0.1;0.933;-0.001;-0.018;-0.162;0;0;0;-0.687;0.121;-0.185;0.767;-0.092;-0.003;-0.001;0;0;-0.531;0.086;-0.606;0.773;0.11;0.135;0.113;-0.746;0.307;0.312;0.639;0.662;-0.351;0.766;0.793;0.668;-0.513;0.762;0.811;0.655;-0.038;0.775;0.812;0.63;0.186;0.812;0.812;-1;-0.802;-0.409;-0.003;-0.467;0.108;-0.72;-0.58;-0.201;0.558;-0.581;-0.652;-0.351;-0.536;-0.787;-0.479;-0.379;0.299;-0.515;-0.434
-0.066;-0.001;-0.005;0;0;0;0;0;0;0.038;0.082;-0.081;0.068;0.1;-0.094;0;0;0;0;0.257;0;0.55;0.103;-0.102;0.934;0.084;0.007;-0.109;0;0.601;0.131;-0.098;0.933;-0.002;-0.017;-0.162;0;0;0;-0.688;0.122;-0.182;0.767;-0.092;-0.003;-0.001;0;0;-0.564;0.106;-0.593;0.792;0.089;0.134;0.113;-0.746;0.307;0.312;0.639;0.662;-0.351;0.766;0.793;0.668;-0.513;0.762;0.811;0.655;-0.038;0.775;0.812;0.63;0.186;0.812;0.812;-1;-0.802;-0.409;-0.003;-0.467;0.108;-0.72;-0.58;-0.201;0.558;-0.581;-0.652;-0.351;-0.536;-0.787;-0.479;-0.379;0.299;-0.515;-0.434
-0.066;0;-0.003;0;0;0;0;0;0;0.038;0.082;-0.077;0.07;0.1;-0.091;0;0;0;0;0.257;0;0.55;0.104;-0.105;0.934;0.085;0.007;-0.111;0;0.601;0.13;-0.097;0.933;-0.003;-0.017;-0.162;0;0;0;-0.688;0.123;-0.18;0.768;-0.092;-0.003;-0.001;0;0;-0.581;0.118;-0.569;0.8;0.081;0.133;0.113;-0.746;0.307;0.312;0.639;0.662;-0.351;0.766;0.793;0.668;-0.513;0.762;0.811;0.655;-0.038;0.775;0.812;0.63;0.186;0.812;0.812;-1;-0.802;-0.409;-0.003;-0.467;0.108;-0.72;-0.58;-0.201;0.558;-0.581;-0.652;-0.351;-0.536;-0.787;-0.479;-0.379;0.299;-0.515;-0.434
-0.066;0;-0.002;0;0;0;0;0;0;0.041;0.083;-0.074;0.072;0.098;-0.085;0;0;0;0;0.257;0;0.551;0.106;-0.107;0.934;0.087;0.007;-0.115;0;0.6;0.129;-0.096;0.933;-0.004;-0.016;-0.161;0;0;0;-0.689;0.123;-0.178;0.768;-0.092;-0.003;-0.001;0;0;-0.605;0.133;-0.522;0.81;0.059;0.133;0.113;-0.746;0.307;0.312;0.639;0.662;-0.351;0.766;0.793;0.668;-0.513;0.762;0.811;0.655;-0.038;0.775;0.812;0.63;0.186;0.812;0.812;-1;-0.802;-0.409;-0.003;-0.467;0.108;-0.72;-0.58;-0.201;0.558;-0.581;-0.652;-0.351;-0.536;-0.787;-0.479;-0.379;0.299;-0.515;-0.434
-0.066;0;-0.001;0;0;0;0;0;0;0.042;0.083;-0.072;0.073;0.098;-0.082;0;0;0;0;0.257;0;0.551;0.107;-0.11;0.934;0.088;0.007;-0.117;0;0.6;0.129;-0.096;0.933;-0.004;-0.016;-0.161;0;0;0;-0.689;0.124;-0.176;0.768;-0.092;-0.003;-0.001;0;0;-0.617;0.142;-0.488;0.813;0.051;0.133;0.113;-0.746;0.307;0.312;0.639;0.662;-0.351;0.766;0.793;0.668;-0.513;0.762;0.811;0.655;-0.038;0.775;0.812;0.63;0.186;0.812;0.812;-1;-0.802;-0.409;-0.003;-0.467;0.108;-0.72;-0.58;-0.201;0.558;-0.581;-0.652;-0.351;-0.536;-0.787;-0.479;-0.379;0.299;-0.515;-0.434
-0.066;0.001;0;0;0;0;0;0;0;0.045;0.081;-0.072;0.072;0.093;-0.08;0;0;0;0;0.257;0;0.552;0.109;-0.112;0.934;0.088;0.007;-0.12;0;0.599;0.129;-0.096;0.933;-0.004;-0.016;-0.161;0;0;0;-0.689;0.124;-0.175;0.767;-0.093;-0.003;-0.001;0;0;-0.635;0.153;-0.432;0.815;0.026;0.133;0.113;-0.746;0.307;0.312;0.639;0.662;-0.351;0.766;0.793;0.668;-0.513;0.762;0.811;0.655;-0.038;0.775;0.812;0.63;0.186;0.812;0.812;-1;-0.802;-0.409;-0.003;-0.467;0.108;-0.72;-0.58;-0.201;0.558;-0.581;-0.652;-0.351;-0.536;-0.787;-0.479;-0.379;0.299;-0.515;-0.434
-0.066;0.001;0.001;0;0;0;0;0;0;0.039;0.078;-0.067;0.07;0.09;-0.078;0;0;0;0;0.257;0;0.553;0.11;-0.114;0.934;0.088;0.007;-0.122;0;0.599;0.128;-0.095;0.933;-0.003;-0.015;-0.161;0;0;0;-0.689;0.125;-0.174;0.767;-0.093;-0.003;-0.001;0;0;-0.644;0.159;-0.402;0.814;0.015;0.133;0.113;-0.746;0.307;0.312;0.639;0.662;-0.351;0.766;0.793;0.668;-0.513;0.762;0.811;0.655;-0.038;0.775;0.812;0.63;0.186;0.812;0.812;-1;-0.802;-0.409;-0.003;-0.467;0.108;-0.72;-0.58;-0.201;0.558;-0.581;-0.652;-0.351;-0.536;-0.787;-0.479;-0.379;0.299;-0.515;-0.434
-0.066;0.001;0.002;0;0;0;0;0;0;0.051;0.079;-0.076;0.065;0.088;-0.076;0;0;0;0;0.257;0;0.554;0.112;-0.116;0.934;0.088;0.007;-0.125;0;0.599;0.128;-0.096;0.933;-0.003;-0.015;-0.161;0;0;0;-0.689;0.125;-0.173;0.767;-0.094;-0.003;-0.001;0;0;-0.654;0.165;-0.368;0.812;-0.003;0.133;0.112;-0.746;0.307;0.312;0.639;0.662;-0.351;0.766;0.793;0.668;-0.513;0.762;0.811;0.655;-0.038;0.775;0.812;0.63;0.186;0.812;0.812;-1;-0.802;-0.409;-0.003;-0.467;0.108;-0.72;-0.58;-0.201;0.558;-0.581;-0.652;-0.351;-0.536;-0.787;-0.479;-0.379;0.299;-0.515;-0.434
-0.066;0.001;0.003;0;0;0;0;0;0;0.045;0.078;-0.075;0.06;0.087;-0.076;0;0;0;0;0.257;0;0.554;0.113;-0.117;0.934;0.088;0.007;-0.127;0;0.599;0.128;-0.095;0.933;-0.002;-0.015;-0.161;0;0;0;-0.688;0.125;-0.172;0.765;-0.094;-0.003;-0.001;0;0;-0.659;0.168;-0.346;0.809;-0.015;0.133;0.112;-0.746;0.307;0.312;0.639;0.662;-0.351;0.766;0.793;0.668;-0.513;0.762;0.811;0.655;-0.038;0.775;0.812;0.63;0.186;0.812;0.812;-1;-0.802;-0.409;-0.003;-0.467;0.108;-0.72;-0.58;-0.201;0.558;-0.581;-0.652;-0.351;-0.536;-0.787;-0.479;-0.379;0.299;-0.515;-0.434
-0.066;0.002;0.004;0;0;0;0;0;0;0.037;0.08;-0.075;0.052;0.088;-0.077;0;0;0;0;0.257;0;0.555;0.115;-0.119;0.934;0.088;0.007;-0.13;0;0.599;0.128;-0.095;0.934;-0.001;-0.015;-0.161;0;0;0;-0.687;0.126;-0.169;0.762;-0.094;-0.003;-0.001;0;0;-0.664;0.17;-0.325;0.804;-0.026;0.133;0.112;-0.746;0.307;0.312;0.639;0.662;-0.351;0.766;0.793;0.668;-0.513;0.762;0.811;0.655;-0.038;0.775;0.812;0.63;0.186;0.812;0.812;-1;-0.802;-0.409;-0.003;-0.467;0.108;-0.72;-0.58;-0.201;0.558;-0.581;-0.652;-0.351;-0.536;-0.787;-0.479;-0.379;0.299;-0.515;-0.434
-0.067;0.002;0.004;0;0;0;0;0;0;0.038;0.081;-0.077;0.049;0.09;-0.076;0;0;0;0;0.257;0;0.556;0.117;-0.12;0.934;0.087;0.007;-0.132;0;0.599;0.127;-0.094;0.934;-0.001;-0.014;-0.161;0;0;0;-0.686;0.126;-0.165;0.756;-0.093;-0.003;-0.001;0;0;-0.668;0.172;-0.304;0.796;-0.037;0.134;0.112;-0.746;0.307;0.312;0.639;0.662;-0.351;0.766;0.793;0.668;-0.513;0.762;0.811;0.655;-0.038;0.775;0.812;0.63;0.186;0.812;0.812;-1;-0.802;-0.409;-0.003;-0.467;0.108;-0.72;-0.58;-0.201;0.558;-0.581;-0.652;-0.351;-0.536;-0.787;-0.479;-0.379;0.299;-0.515;-0.434
-0.067;0.002;0.005;0;0;0;0;0;0;0.036;0.082;-0.075;0.05;0.09;-0.076;0;0;0;0;0.257;0;0.557;0.118;-0.121;0.934;0.087;0.007;-0.135;0;0.599;0.127;-0.093;0.934;-0.001;-0.014;-0.162;0;0;0;-0.685;0.126;-0.159;0.748;-0.092;-0.003;-0.001;0;0;-0.67;0.173;-0.287;0.788;-0.043;0.134;0.112;-0.746;0.307;0.312;0.639;0.662;-0.351;0.766;0.793;0.668;-0.513;0.762;0.811;0.655;-0.038;0.775;0.812;0.63;0.186;0.812;0.812;-1;-0.802;-0.409;-0.003;-0.467;0.108;-0.72;-0.58;-0.201;0.558;-0.581;-0.652;-0.351;-0.536;-0.787;-0.479;-0.379;0.299;-0.515;-0.434
-0.067;0.003;0.005;0;0;0;0;0;0;0.031;0.083;-0.071;0.05;0.09;-0.074;0;0;0;0;0.257;0;0.558;0.12;-0.122;0.934;0.085;0.007;-0.138;0;0.599;0.126;-0.091;0.934;-0.001;-0.013;-0.162;0;0;0;-0.683;0.127;-0.151;0.735;-0.09;-0.003;-0.001;0;0;-0.671;0.173;-0.264;0.773;-0.05;0.135;0.112;-0.746;0.307;0.312;0.639;0.662;-0.351;0.766;0.793;0.668;-0.513;0.762;0.811;0.655;-0.038;0.775;0.812;0.63;0.186;0.812;0.812;-1;-0.802;-0.409;-0.003;-0.467;0.108;-0.72;-0.58;-0.201;0.558;-0.581;-0.652;-0.351;-0.536;-0.787;-0.479;-0.379;0.299;-0.515;-0.434
-0.067;0.003;0.006;0;0;0;0;0;0;0.024;0.083;-0.066;0.049;0.088;-0.073;0;0;0;0;0.257;0;0.559;0.121;-0.122;0.933;0.084;0.007;-0.139;0;0.6;0.125;-0.09;0.934;-0.002;-0.013;-0.163;0;0;0;-0.682;0.127;-0.147;0.726;-0.089;-0.003;-0.001;0;0;-0.671;0.172;-0.252;0.762;-0.052;0.135;0.112;-0.746;0.307;0.312;0.639;0.662;-0.351;0.766;0.793;0.668;-0.513;0.762;0.811;0.655;-0.038;0.775;0.812;0.63;0.186;0.812;0.812;-1;-0.802;-0.409;-0.003;-0.467;0.108;-0.72;-0.58;-0.201;0.558;-0.581;-0.652;-0.351;-0.536;-0.787;-0.479;-0.379;0.299;-0.515;-0.434
-0.067;0.003;0.006;0;0;0;0;0;0;0.02;0.081;-0.066;0.042;0.085;-0.072;0;0;0;0;0.257;0;0.561;0.122;-0.12;0.932;0.081;0.008;-0.141;0;0.6;0.124;-0.088;0.934;-0.002;-0.012;-0.163;0;0;0;-0.68;0.127;-0.14;0.715;-0.088;-0.003;-0.001;0;0;-0.67;0.171;-0.237;0.746;-0.054;0.136;0.112;-0.746;0.307;0.312;0.639;0.662;-0.351;0.766;0.793;0.668;-0.513;0.762;0.811;0.655;-0.038;0.775;0.812;0.63;0.186;0.812;0.812;-1;-0.802;-0.409;-0.003;-0.467;0.108;-0.72;-0.58;-0.201;0.558;-0.581;-0.652;-0.351;-0.536;-0.787;-0.479;-0.379;0.299;-0.515;-0.434
-0.068;0.004;0.006;0;0;0;0;0;0;0.016;0.081;-0.065;0.038;0.084;-0.072;0;0;0;0;0.257;0;0.564;0.123;-0.117;0.932;0.077;0.008;-0.143;0;0.601;0.122;-0.087;0.934;-0.002;-0.012;-0.163;0;0;0;-0.678;0.128;-0.136;0.704;-0.086;-0.003;-0.001;0;0;-0.669;0.169;-0.228;0.731;-0.055;0.136;0.112;-0.746;0.307;0.312;0.639;0.662;-0.351;0.766;0.793;0.668;-0.513;0.762;0.811;0.655;-0.038;0.775;0.812;0.63;0.186;0.812;0.812;-1;-0.802;-0.409;-0.003;-0.467;0.108;-0.72;-0.58;-0.201;0.558;-0.581;-0.652;-0.351;-0.536;-0.787;-0.479;-0.379;0.299;-0.515;-0.434
-0.068;0.004;0.006;0;0;0;0;0;0;0.015;0.081;-0.065;0.036;0.083;-0.072;0;0;0;0;0.257;0;0.566;0.123;-0.115;0.931;0.074;0.008;-0.143;0;0.601;0.122;-0.085;0.934;-0.002;-0.012;-0.163;0;0;0;-0.677;0.128;-0.135;0.7;-0.086;-0.003;-0.001;0;0;-0.668;0.168;-0.226;0.724;-0.056;0.136;0.112;-0.746;0.307;0.312;0.639;0.662;-0.351;0.766;0.793;0.668;-0.513;0.762;0.811;0.655;-0.038;0.775;0.812;0.63;0.186;0.812;0.812;-1;-0.802;-0.409;-0.003;-0.467;0.108;-0.72;-0.58;-0.201;0.558;-0.581;-0.652;-0.351;-0.536;-0.787;-0.479;-0.379;0.299;-0.515;-0.434
-0.068;0.004;0.005;0;0;0;0;0;0;0.014;0.08;-0.065;0.035;0.081;-0.072;0;0;0;0;0.257;0;0.569;0.124;-0.113;0.93;0.071;0.008;-0.143;0;0.601;0.12;-0.085;0.934;-0.002;-0.011;-0.163;0;0;0;-0.675;0.128;-0.134;0.693;-0.084;-0.003;-0.001;0;0;-0.666;0.166;-0.224;0.713;-0.056;0.136;0.112;-0.746;0.307;0.312;0.639;0.662;-0.351;0.766;0.793;0.668;-0.513;0.762;0.811;0.655;-0.038;0.775;0.812;0.63;0.186;0.812;0.812;-1;-0.802;-0.409;-0.003;-0.467;0.108;-0.72;-0.58;-0.201;0.558;-0.581;-0.652;-0.351;-0.536;-0.787;-0.479;-0.379;0.299;-0.515;-0.434
-0.068;0.005;0.005;0;0;0;0;0;0;0.012;0.08;-0.065;0.033;0.08;-0.073;0;0;0;0;0.257;0;0.57;0.124;-0.111;0.93;0.069;0.007;-0.143;0;0.602;0.119;-0.084;0.934;-0.002;-0.011;-0.163;0;0;0;-0.674;0.128;-0.133;0.691;-0.085;-0.003;-0.001;0;0;-0.665;0.164;-0.226;0.708;-0.056;0.136;0.112;-0.746;0.307;0.312;0.639;0.662;-0.351;0.766;0.793;0.668;-0.513;0.762;0.811;0.655;-0.038;0.775;0.812;0.63;0.186;0.812;0.812;-1;-0.802;-0.409;-0.003;-0.467;0.108;-0.72;-0.58;-0.201;0.558;-0.581;-0.652;-0.351;-0.536;-0.787;-0.479;-0.379;0.299;-0.515;-0.434
-0.068;0.005;0.005;0;0;0;0;0;0;0.015;0.082;-0.067;0.037;0.082;-0.074;0;0;0;0;0.257;0;0.573;0.124;-0.109;0.93;0.066;0.007;-0.143;0;0.602;0.118;-0.085;0.934;0;-0.011;-0.163;0;0;0;-0.672;0.128;-0.132;0.689;-0.084;-0.003;-0.001;0;0;-0.663;0.162;-0.229;0.702;-0.055;0.136;0.112;-0.746;0.307;0.312;0.639;0.662;-0.351;0.766;0.793;0.668;-0.513;0.762;0.811;0.655;-0.038;0.775;0.812;0.63;0.186;0.812;0.812;-1;-0.802;-0.409;-0.003;-0.467;0.108;-0.72;-0.58;-0.201;0.558;-0.581;-0.652;-0.351;-0.536;-0.787;-0.479;-0.379;0.299;-0.515;-0.434
-0.068;0.005;0.005;0;0;0;0;0;0;0.019;0.084;-0.066;0.043;0.083;-0.073;0;0;0;0;0.257;0;0.575;0.125;-0.109;0.93;0.065;0.006;-0.142;0;0.603;0.117;-0.085;0.934;0;-0.011;-0.163;0;0;0;-0.671;0.128;-0.133;0.692;-0.084;-0.003;-0.001;0;0;-0.662;0.16;-0.233;0.699;-0.055;0.137;0.112;-0.746;0.307;0.312;0.639;0.662;-0.351;0.766;0.793;0.668;-0.513;0.762;0.811;0.655;-0.038;0.775;0.812;0.63;0.186;0.812;0.812;-1;-0.802;-0.409;-0.003;-0.467;0.108;-0.72;-0.58;-0.201;0.558;-0.581;-0.652;-0.351;-0.536;-0.787;-0.479;-0.379;0.299;-0.515;-0.434
-0.068;0.005;0.004;0;0;0;0;0;0;0.024;0.086;-0.063;0.049;0.085;-0.069;0;0;0;0;0.257;0;0.577;0.125;-0.107;0.93;0.064;0.005;-0.142;0;0.603;0.116;-0.086;0.935;0.002;-0.01;-0.162;0;0;0;-0.67;0.128;-0.134;0.698;-0.084;-0.003;-0.001;0;0;-0.661;0.158;-0.24;0.697;-0.055;0.137;0.112;-0.746;0.307;0.312;0.639;0.662;-0.351;0.766;0.793;0.668;-0.513;0.762;0.811;0.655;-0.038;0.775;0.812;0.63;0.186;0.812;0.812;-1;-0.802;-0.409;-0.003;-0.467;0.108;-0.72;-0.58;-0.201;0.558;-0.581;-0.652;-0.351;-0.536;-0.787;-0.479;-0.379;0.299;-0.515;-0.434
-0.068;0.006;0.004;0;0;0;0;0;0;0.024;0.087;-0.061;0.05;0.085;-0.067;0;0;0;0;0.257;0;0.579;0.125;-0.107;0.93;0.063;0.005;-0.141;0;0.603;0.116;-0.087;0.935;0.003;-0.01;-0.162;0;0;0;-0.67;0.128;-0.137;0.707;-0.085;-0.003;-0.001;0;0;-0.66;0.157;-0.246;0.697;-0.055;0.137;0.112;-0.746;0.307;0.312;0.639;0.662;-0.351;0.766;0.793;0.668;-0.513;0.762;0.811;0.655;-0.038;0.775;0.812;0.63;0.186;0.812;0.812;-1;-0.802;-0.409;-0.003;-0.467;0.108;-0.72;-0.58;-0.201;0.558;-0.581;-0.652;-0.351;-0.536;-0.787;-0.479;-0.379;0.299;-0.515;-0.434
-0.068;0.006;0.003;0;0;0;0;0;0;0.025;0.088;-0.058;0.051;0.085;-0.063;0;0;0;0;0.257;0;0.581;0.126;-0.107;0.931;0.062;0.005;-0.141;0;0.604;0.115;-0.088;0.935;0.005;-0.01;-0.162;0;0;0;-0.669;0.128;-0.145;0.724;-0.088;-0.003;-0.001;0;0;-0.659;0.155;-0.255;0.697;-0.054;0.137;0.112;-0.746;0.307;0.312;0.639;0.662;-0.351;0.766;0.793;0.668;-0.513;0.762;0.811;0.655;-0.038;0.775;0.812;0.63;0.186;0.812;0.812;-1;-0.802;-0.409;-0.003;-0.467;0.108;-0.72;-0.58;-0.201;0.558;-0.581;-0.652;-0.351;-0.536;-0.787;-0.479;-0.379;0.299;-0.515;-0.434
-0.068;0.006;0.003;0;0;0;0;0;0;0.025;0.088;-0.057;0.051;0.086;-0.062;0;0;0;0;0.257;0;0.582;0.126;-0.108;0.931;0.062;0.004;-0.141;0;0.604;0.114;-0.089;0.935;0.005;-0.009;-0.162;0;0;0;-0.669;0.128;-0.152;0.737;-0.091;-0.003;-0.001;0;0;-0.658;0.154;-0.262;0.699;-0.055;0.137;0.112;-0.746;0.307;0.312;0.639;0.662;-0.351;0.766;0.793;0.668;-0.513;0.762;0.811;0.655;-0.038;0.775;0.812;0.63;0.186;0.812;0.812;-1;-0.802;-0.409;-0.003;-0.467;0.108;-0.72;-0.58;-0.201;0.558;-0.581;-0.652;-0.351;-0.536;-0.787;-0.479;-0.379;0.299;-0.515;-0.434
-0.068;0.006;0.003;0;0;0;0;0;0;0.026;0.091;-0.055;0.051;0.089;-0.058;0;0;0;0;0.257;0;0.583;0.127;-0.109;0.931;0.062;0.004;-0.142;0;0.604;0.114;-0.09;0.936;0.007;-0.009;-0.162;0;0;0;-0.669;0.128;-0.166;0.758;-0.097;-0.003;-0.001;0;0;-0.657;0.153;-0.272;0.702;-0.055;0.136;0.112;-0.746;0.307;0.312;0.639;0.662;-0.351;0.766;0.793;0.668;-0.513;0.762;0.811;0.655;-0.038;0.775;0.812;0.63;0.186;0.812;0.812;-1;-0.802;-0.409;-0.003;-0.467;0.108;-0.72;-0.58;-0.201;0.558;-0.581;-0.652;-0.351;-0.536;-0.787;-0.479;-0.379;0.299;-0.515;-0.434
-0.068;0.006;0.003;0;0;0;0;0;0;0.026;0.093;-0.053;0.052;0.091;-0.056;0;0;0;0;0.257;0;0.584;0.128;-0.11;0.931;0.063;0.004;-0.142;0;0.604;0.113;-0.091;0.936;0.008;-0.009;-0.162;0;0;0;-0.669;0.129;-0.177;0.771;-0.102;-0.003;-0.001;0;0;-0.657;0.152;-0.278;0.706;-0.056;0.136;0.112;-0.746;0.307;0.312;0.639;0.662;-0.351;0.766;0.793;0.668;-0.513;0.762;0.811;0.655;-0.038;0.775;0.812;0.63;0.186;0.812;0.812;-1;-0.802;-0.409;-0.003;-0.467;0.108;-0.72;-0.58;-0.201;0.558;-0.581;-0.652;-0.351;-0.536;-0.787;-0.479;-0.379;0.299;-0.515;-0.434
-0.068;0.006;0.002;0;0;0;0;0;0;0.028;0.097;-0.052;0.054;0.095;-0.054;0;0;0;0;0.257;0;0.586;0.129;-0.112;0.931;0.063;0.004;-0.144;0;0.604;0.113;-0.092;0.936;0.009;-0.009;-0.162;0;0;0;-0.67;0.129;-0.195;0.791;-0.111;-0.004;-0.001;0;0;-0.657;0.151;-0.288;0.712;-0.057;0.136;0.112;-0.746;0.307;0.312;0.639;0.662;-0.351;0.766;0.793;0.668;-0.513;0.762;0.811;0.655;-0.038;0.775;0.812;0.63;0.186;0.812;0.812;-1;-0.802;-0.409;-0.003;-0.467;0.108;-0.72;-0.58;-0.201;0.558;-0.581;-0.652;-0.351;-0.536;-0.787;-0.479;-0.379;0.299;-0.515;-0.434
-0.068;0.006;0.002;0;0;0;0;0;0;0.027;0.099;-0.052;0.054;0.096;-0.053;0;0;0;0;0.257;0;0.587;0.129;-0.113;0.932;0.064;0.004;-0.145;0;0.604;0.113;-0.093;0.936;0.01;-0.009;-0.162;0;0;0;-0.671;0.13;-0.205;0.801;-0.116;-0.004;-0.001;0;0;-0.657;0.15;-0.294;0.717;-0.058;0.136;0.112;-0.746;0.307;0.312;0.639;0.662;-0.351;0.766;0.793;0.668;-0.513;0.762;0.811;0.655;-0.038;0.775;0.812;0.63;0.186;0.812;0.812;-1;-0.802;-0.409;-0.003;-0.467;0.108;-0.72;-0.58;-0.201;0.558;-0.581;-0.652;-0.351;-0.536;-0.787;-0.479;-0.379;0.299;-0.515;-0.434
-0.068;0.006;0.002;0;0;0;0;0;0;0.027;0.1;-0.05;0.053;0.098;-0.051;0;0;0;0;0.257;0;0.588;0.131;-0.114;0.932;0.064;0.004;-0.147;0;0.604;0.112;-0.094;0.936;0.011;-0.008;-0.162;0;0;0;-0.672;0.13;-0.219;0.816;-0.124;-0.004;-0.001;0;0;-0.657;0.15;-0.302;0.726;-0.06;0.136;0.112;-0.746;0.307;0.312;0.639;0.662;-0.351;0.766;0.793;0.668;-0.513;0.762;0.811;0.655;-0.038;0.775;0.812;0.63;0.186;0.812;0.812;-1;-0.802;-0.409;-0.003;-0.467;0.108;-0.72;-0.58;-0.201;0.558;-0.581;-0.652;-0.351;-0.536;-0.787;-0.479;-0.379;0.299;-0.515;-0.434
-0.068;0.006;0.001;0;0;0;0;0;0;0.025;0.101;-0.049;0.05;0.098;-0.049;0;0;0;0;0.257;0;0.589;0.131;-0.115;0.932;0.064;0.004;-0.148;0;0.604;0.112;-0.094;0.936;0.012;-0.008;-0.162;0;0;0;-0.673;0.131;-0.225;0.822;-0.127;-0.005;-0.001;0;0;-0.657;0.149;-0.306;0.731;-0.061;0.136;0.112;-0.746;0.307;0.312;0.639;0.662;-0.351;0.766;0.793;0.668;-0.513;0.762;0.811;0.655;-0.038;0.775;0.812;0.63;0.186;0.812;0.812;-1;-0.802;-0.409;-0.003;-0.467;0.108;-0.72;-0.58;-0.201;0.558;-0.581;-0.652;-0.351;-0.536;-0.787;-0.479;-0.379;0.299;-0.515;-0.434
-0.068;0.006;0.001;0;0;0;0;0;0;0.012;0.097;-0.037;0.034;0.091;-0.035;0;0;0;0;0.257;0;0.59;0.133;-0.115;0.932;0.064;0.003;-0.15;0;0.604;0.112;-0.095;0.936;0.013;-0.008;-0.162;0;0;0;-0.674;0.131;-0.233;0.83;-0.133;-0.005;-0.002;0;0;-0.657;0.148;-0.312;0.74;-0.064;0.136;0.112;-0.746;0.307;0.312;0.639;0.662;-0.351;0.766;0.793;0.668;-0.513;0.762;0.811;0.655;-0.038;0.775;0.812;0.63;0.186;0.812;0.812;-1;-0.802;-0.409;-0.003;-0.467;0.108;-0.72;-0.58;-0.201;0.558;-0.581;-0.652;-0.351;-0.536;-0.787;-0.479;-0.379;0.299;-0.515;-0.434
-0.068;0.006;0.001;0;0;0;0;0;0;0.006;0.095;-0.032;0.025;0.088;-0.028;0;0;0;0;0.257;0;0.59;0.133;-0.116;0.933;0.064;0.003;-0.151;0;0.603;0.112;-0.095;0.937;0.013;-0.008;-0.162;0;0;0;-0.675;0.132;-0.236;0.833;-0.134;-0.005;-0.002;0;0;-0.657;0.148;-0.315;0.746;-0.065;0.136;0.112;-0.746;0.307;0.312;0.639;0.662;-0.351;0.766;0.793;0.668;-0.513;0.762;0.811;0.655;-0.038;0.775;0.812;0.63;0.186;0.812;0.812;-1;-0.802;-0.409;-0.003;-0.467;0.108;-0.72;-0.58;-0.201;0.558;-0.581;-0.652;-0.351;-0.536;-0.787;-0.479;-0.379;0.299;-0.515;-0.434
-0.068;0.006;0.001;0;0;0;0;0;0;0.008;0.095;-0.029;0.027;0.087;-0.025;0;0;0;0;0.257;0;0.591;0.135;-0.117;0.933;0.064;0.003;-0.154;0;0.603;0.111;-0.095;0.937;0.013;-0.008;-0.162;0;0;0;-0.677;0.132;-0.24;0.835;-0.135;-0.005;-0.002;0;0;-0.658;0.147;-0.319;0.754;-0.067;0.136;0.112;-0.746;0.307;0.312;0.639;0.662;-0.351;0.766;0.793;0.668;-0.513;0.762;0.811;0.655;-0.038;0.775;0.812;0.63;0.186;0.812;0.812;-1;-0.802;-0.409;-0.003;-0.467;0.108;-0.72;-0.58;-0.201;0.558;-0.581;-0.652;-0.351;-0.536;-0.787;-0.479;-0.379;0.299;-0.515;-0.434
-0.068;0.006;0.001;0;0;0;0;0;0;0.01;0.095;-0.03;0.029;0.087;-0.026;0;0;0;0;0.257;0;0.591;0.135;-0.117;0.933;0.064;0.003;-0.155;0;0.603;0.111;-0.095;0.937;0.014;-0.007;-0.162;0;0;0;-0.677;0.132;-0.241;0.832;-0.132;-0.005;-0.002;0;0;-0.658;0.147;-0.32;0.759;-0.069;0.136;0.112;-0.746;0.307;0.312;0.639;0.662;-0.351;0.766;0.793;0.668;-0.513;0.762;0.811;0.655;-0.038;0.775;0.812;0.63;0.186;0.812;0.812;-1;-0.802;-0.409;-0.003;-0.467;0.108;-0.72;-0.58;-0.201;0.558;-0.581;-0.652;-0.351;-0.536;-0.787;-0.479;-0.379;0.299;-0.515;-0.434
-0.068;0.006;0.001;0;0;0;0;0;0;0.01;0.094;-0.033;0.031;0.085;-0.03;0;0;0;0;0.257;0;0.592;0.137;-0.117;0.933;0.064;0.003;-0.157;0;0.602;0.111;-0.095;0.937;0.014;-0.007;-0.162;0;0;0;-0.679;0.133;-0.241;0.823;-0.126;-0.005;-0.002;0;0;-0.659;0.146;-0.321;0.765;-0.071;0.135;0.112;-0.746;0.307;0.312;0.639;0.662;-0.351;0.766;0.793;0.668;-0.513;0.762;0.811;0.655;-0.038;0.775;0.812;0.63;0.186;0.812;0.812;-1;-0.802;-0.409;-0.003;-0.467;0.108;-0.72;-0.58;-0.201;0.558;-0.581;-0.652;-0.351;-0.536;-0.787;-0.479;-0.379;0.299;-0.515;-0.434
-0.068;0.006;0.001;0;0;0;0;0;0;0.011;0.094;-0.036;0.031;0.085;-0.034;0;0;0;0;0.257;0;0.592;0.137;-0.117;0.933;0.064;0.003;-0.158;0;0.602;0.11;-0.095;0.937;0.014;-0.007;-0.163;0;0;0;-0.679;0.133;-0.24;0.81;-0.118;-0.005;-0.001;0;0;-0.659;0.146;-0.322;0.769;-0.072;0.135;0.112;-0.746;0.307;0.312;0.639;0.662;-0.351;0.766;0.793;0.668;-0.513;0.762;0.811;0.655;-0.038;0.775;0.812;0.63;0.186;0.812;0.812;-1;-0.802;-0.409;-0.003;-0.467;0.108;-0.72;-0.58;-0.201;0.558;-0.581;-0.652;-0.351;-0.536;-0.787;-0.479;-0.379;0.299;-0.515;-0.434
-0.067;0.005;0.001;0;0;0;0;0;0;0.013;0.093;-0.041;0.034;0.084;-0.04;0;0;0;0;0.257;0;0.592;0.138;-0.117;0.934;0.063;0.003;-0.16;0;0.601;0.11;-0.095;0.937;0.015;-0.007;-0.163;0;0;0;-0.68;0.132;-0.234;0.787;-0.107;-0.004;-0.001;0;0;-0.659;0.145;-0.322;0.774;-0.074;0.135;0.112;-0.746;0.307;0.312;0.639;0.662;-0.351;0.766;0.793;0.668;-0.513;0.762;0.811;0.655;-0.038;0.775;0.812;0.63;0.186;0.812;0.812;-1;-0.802;-0.409;-0.003;-0.467;0.108;-0.72;-0.58;-0.201;0.558;-0.581;-0.652;-0.351;-0.536;-0.787;-0.479;-0.379;0.299;-0.515;-0.434
-0.067;0.005;0.001;0;0;0;0;0;0;0.013;0.093;-0.041;0.034;0.084;-0.041;0;0;0;0;0.257;0;0.592;0.139;-0.117;0.934;0.063;0.003;-0.161;0;0.601;0.11;-0.095;0.937;0.015;-0.007;-0.163;0;0;0;-0.681;0.132;-0.23;0.77;-0.101;-0.004;-0.001;0;0;-0.66;0.145;-0.322;0.776;-0.074;0.135;0.112;-0.746;0.307;0.312;0.639;0.662;-0.351;0.766;0.793;0.668;-0.513;0.762;0.811;0.655;-0.038;0.775;0.812;0.63;0.186;0.812;0.812;-1;-0.802;-0.409;-0.003;-0.467;0.108;-0.72;-0.58;-0.201;0.558;-0.581;-0.652;-0.351;-0.536;-0.787;-0.479;-0.379;0.299;-0.515;-0.434
-0.067;0.005;0.001;0;0;0;0;0;0;0.013;0.093;-0.042;0.033;0.085;-0.041;0;0;0;0;0.257;0;0.592;0.139;-0.117;0.934;0.062;0.003;-0.163;0;0.601;0.109;-0.095;0.937;0.015;-0.006;-0.163;0;0;0;-0.683;0.132;-0.222;0.744;-0.093;-0.003;-0.001;0;0;-0.66;0.144;-0.323;0.779;-0.076;0.135;0.112;-0.746;0.307;0.312;0.639;0.662;-0.351;0.766;0.793;0.668;-0.513;0.762;0.811;0.655;-0.038;0.775;0.812;0.63;0.186;0.812;0.812;-1;-0.802;-0.409;-0.003;-0.467;0.108;-0.72;-0.58;-0.201;0.558;-0.581;-0.652;-0.351;-0.536;-0.787;-0.479;-0.379;0.299;-0.515;-0.434
-0.067;0.005;0.001;0;0;0;0;0;0;0.012;0.093;-0.041;0.032;0.084;-0.04;0;0;0;0;0.257;0;0.592;0.14;-0.117;0.934;0.062;0.003;-0.163;0;0.6;0.109;-0.094;0.937;0.015;-0.006;-0.163;0;0;0;-0.684;0.132;-0.218;0.731;-0.09;-0.003;-0.001;0;0;-0.66;0.144;-0.323;0.78;-0.076;0.135;0.112;-0.746;0.307;0.312;0.639;0.662;-0.351;0.766;0.793;0.668;-0.513;0.762;0.811;0.655;-0.038;0.775;0.812;0.63;0.186;0.812;0.812;-1;-0.802;-0.409;-0.003;-0.467;0.108;-0.72;-0.58;-0.201;0.558;-0.581;-0.652;-0.351;-0.536;-0.787;-0.479;-0.379;0.299;-0.515;-0.434
-0.067;0.005;0.001;0;0;0;0;0;0;0.023;0.087;-0.041;0.034;0.084;-0.037;0;0;0;0;0.257;0;0.592;0.141;-0.116;0.934;0.062;0.003;-0.164;0;0.6;0.109;-0.094;0.937;0.015;-0.006;-0.163;0;0;0;-0.686;0.131;-0.211;0.716;-0.085;-0.003;-0.001;0;0;-0.66;0.144;-0.323;0.782;-0.077;0.135;0.112;-0.746;0.307;0.312;0.639;0.662;-0.351;0.766;0.793;0.668;-0.513;0.762;0.811;0.655;-0.038;0.775;0.812;0.63;0.186;0.812;0.812;-1;-0.802;-0.409;-0.003;-0.467;0.108;-0.72;-0.58;-0.201;0.558;-0.581;-0.652;-0.351;-0.536;-0.787;-0.479;-0.379;0.299;-0.515;-0.434
